{
    "dependencies": {
        "particles": [
            {
                "path": "data/hd/vfx/particles/overlays/assassin/quickness/vfx_assassin_quickness.particles"
            }
        ],
        "models": [],
        "skeletons": [],
        "animations": [],
        "textures": [
            {
                "path": "data/hd/vfx/textures/distortion/T_FX_cloudy_distortion.texture"
            }
        ],
        "physics": [],
        "json": [],
        "variantdata": [],
        "objecteffects": [],
        "other": []
    },
    "type": "OverlayDefinition",
    "name": "quickness",
    "entities": [
        {
            "type": "Entity",
            "name": "entity_root",
            "id": 992020576,
            "components": [
                {
                    "type": "VfxDefinitionComponent",
                    "name": "component_vfx",
                    "filename": "data/hd/vfx/particles/overlays/common/baal_on_throne/baalshield.particles",
                    "hardKillOnDestroy": false
                }
            ]
        }
    ]
}