{
  "dependencies": {
    "particles": [
      {
        "path": "data/hd/vfx/particles/character/enemy/valkyrie/valkyrie_aura.particles"
      }
    ],
    "models": [
      {
        "path": "data/hd/objects/armor_weapons/armor_stand_left/model/torso.model"
      }
    ],
    "skeletons": [
      {
        "path": "data/hd/objects/armor_weapons/armor_stand_left/skeleton/armor_stand_left.skeleton"
      }
    ],
    "animations": [],
    "textures": [
      { "path": "data/hd/character/common/common_ktint.texture" },
      {
        "path": "data/hd/items/armor/armor/full_plate_mail/textures/armor_full_plate_mail_alb.texture"
      },
      {
        "path": "data/hd/items/armor/armor/full_plate_mail/textures/armor_full_plate_mail_nrm.texture"
      },
      {
        "path": "data/hd/items/armor/armor/full_plate_mail/textures/armor_full_plate_mail_orm.texture"
      },
      {
        "path": "data/hd/objects/armor_weapons/armor_stand_left/texture/armor_stand_left_texture_v1_alb.texture"
      },
      {
        "path": "data/hd/objects/armor_weapons/armor_stand_left/texture/armor_stand_left_texture_v1_nrm.texture"
      },
      {
        "path": "data/hd/objects/armor_weapons/armor_stand_left/texture/armor_stand_left_texture_v1_orm.texture"
      }
    ],
    "physics": [],
    "json": [
      {
        "path": "data/hd/objects/armor_weapons/armor_stand_left/armor_stand_left_state_machine.json"
      }
    ],
    "variantdata": [],
    "objecteffects": [],
    "other": []
  },
  "type": "UnitDefinition",
  "name": "armor_stand_right",
  "entities": [
    {
      "type": "Entity",
      "name": "entity_root",
      "id": 142253007,
      "components": [
        {
          "type": "UnitRootComponent",
          "name": "component_root",
          "state_machine_filename": "data/hd/objects/armor_weapons/armor_stand_left/armor_stand_left_state_machine.json",
          "doNotInheritRotation": false,
          "rotationOverride": {
            "x": 0.0,
            "y": 0.3826834,
            "z": 0.0,
            "w": 0.9238795
          },
          "doNotUseHDHeight": false,
          "hideAllMeshWhenInOpenedMode": false,
          "onCreateEventName": "",
          "animations": []
        },
        {
          "type": "SkeletonDefinitionComponent",
          "name": "component_skeleton",
          "filename": "data/hd/objects/armor_weapons/armor_stand_left/skeleton/armor_stand_left.skeleton"
        }
      ]
    },
    {
      "type": "Entity",
      "name": "entity_torso",
      "id": 674630747,
      "components": [
        {
          "type": "UnitPartComponent",
          "name": "component_part_torso",
          "part": "torso",
          "variant": "lit"
        },
        {
          "type": "ModelDefinitionComponent",
          "name": "component_model_torso",
          "filename": "data/hd/objects/armor_weapons/armor_stand_left/model/torso.model",
          "visibleLayers": 1,
          "lightMask": 19,
          "shadowMask": 3,
          "ghostShadows": false,
          "floorModel": false,
          "terrainBlendEnableYUpBlend": false,
          "terrainBlendMode": 1
        },
        {
          "type": "TransformDefinitionComponent",
          "name": "entity_torso_TransformDefinition",
          "position": { "x": 2.693, "y": 0.0, "z": 0.0 },
          "orientation": {
            "x": 0.0,
            "y": -0.707106769,
            "z": 0.0,
            "w": 0.707106769
          },
          "scale": { "x": 1.0, "y": 1.0, "z": 1.0 },
          "inheritOnlyPosition": false
        }
      ]
    },
    {
      "type": "Entity",
      "name": "entity_root",
      "id": 1259551842,
      "components": [
        {
          "type": "VfxDefinitionComponent",
          "name": "entity_root_VfxDefinition",
          "filename": "data/hd/vfx/particles/character/enemy/valkyrie/valkyrie_aura.particles",
          "hardKillOnDestroy": false
        },
        {
            "type": "TransformDefinitionComponent",
            "name": "vfx_TransformDefinition",
            "position": {
                "x": 0.5,
                "y": -1.0,
                "z": 2.0
            },
            "orientation": {
                "x": 0.0,
                "y": 0.0,
                "z": 0.0,
                "w": 1.0
            },
            "scale": {
                "x": 1.0,
                "y": 1.0,
                "z": 1.0
            },
            "inheritOnlyPosition": false
        }
      ]
    }
  ]
}
