{
  "dependencies": {
    "particles": [{ "path": "data/hd/vfx/particles/overlays/object/horadric_light/FX_Horadric_Light.particles" }],
    "models": [],
    "skeletons": [],
    "animations": [],
    "textures": [],
    "physics": [],
    "json": [],
    "variantdata": [],
    "objecteffects": [],
    "other": []
  },
  "type": "UnitDefinition",
  "name": "act_3_kurast_to_temple",
  "entities": [
    {
      "type": "Entity",
      "name": "entity_root",
      "id": 3845804461,
      "components": [
        {
          "type": "UnitRootComponent",
          "name": "component_root",
          "state_machine_filename": "",
          "doNotInheritRotation": false,
          "rotationOverride": { "x": 0.0, "y": 0.3826834, "z": 0.0, "w": 0.9238795 },
          "doNotUseHDHeight": false,
          "hideAllMeshWhenInOpenedMode": false,
          "onCreateEventName": "",
          "animations": []
        }
      ]
    },
    {
      "type": "Entity",
      "name": "entity_vfx1",
      "id": 3129809768,
      "components": [
        { "type": "VfxDefinitionComponent", "name": "component_vfx1", "filename": "", "hardKillOnDestroy": false },
        {
          "type": "TransformDefinitionComponent",
          "name": "component_transform1",
          "position": { "x": 0.0, "y": 0.0, "z": 0.0 },
          "orientation": { "x": 0.0, "y": 0.0, "z": 0.0, "w": 1.0 },
          "scale": { "x": 1.0, "y": 1.0, "z": 1.0 },
          "inheritOnlyPosition": false
        }
      ]
    },
    {
      "type": "Entity",
      "name": "entity_root",
      "id": 477477493,
      "components": [
        {
          "type": "VfxDefinitionComponent",
          "name": "entity_root_VfxDefinition",
          "filename": "data/hd/vfx/particles/objects/vfx_only/arcane_rune_3/vfx_arcanerune_3.particles",
          "hardKillOnDestroy": false
        },
        {
          "type": "TransformDefinitionComponent",
          "name": "component_transform1",
          "position": { "x": 3.5, "y": 0.0, "z": 0.0 },
          "orientation": { "x": 0.0, "y": 0.0, "z": 0.0, "w": 1.0 },
          "scale": { "x": 1.0, "y": 1.0, "z": 1.0 },
          "inheritOnlyPosition": false
        }
      ]
    }
  ]
}
