{
  "dependencies": {
    "particles": [
      {
        "path": "data/hd/vfx/particles/env/UI/vfx_mouse_over_light_sml.particles"
      },
      {
        "path": "data/hd/vfx/particles/overlays/object/horadric_light/FX_Horadric_Light.particles"
      }
    ],
    "models": [],
    "skeletons": [],
    "animations": [],
    "textures": [],
    "physics": [],
    "json": [],
    "variantdata": [],
    "objecteffects": [],
    "other": []
  },
  "type": "UnitDefinition",
  "name": "act_1_graveyard_to_crypt_1",
  "entities": [
    {
      "type": "Entity",
      "name": "entity_root",
      "id": 80727690,
      "components": [
        {
          "type": "UnitRootComponent",
          "name": "component_root",
          "state_machine_filename": "",
          "doNotInheritRotation": false,
          "rotationOverride": {
            "x": 0.0,
            "y": 0.3826834,
            "z": 0.0,
            "w": 0.9238795
          },
          "doNotUseHDHeight": false,
          "hideAllMeshWhenInOpenedMode": false,
          "onCreateEventName": "",
          "animations": []
        }
      ]
    },
    {
      "type": "Entity",
      "name": "entity_vfx1",
      "id": 2622968006,
      "components": [
        {
          "type": "VfxDefinitionComponent",
          "name": "component_vfx1",
          "filename": "data/hd/vfx/particles/env/UI/vfx_mouse_over_light.particles",
          "hardKillOnDestroy": false
        },
        {
          "type": "TransformDefinitionComponent",
          "name": "component_transform1",
          "position": { "x": -6.0, "y": 4.0, "z": -5.0 },
          "orientation": { "x": 0.0, "y": 0.0, "z": 0.0, "w": 1.0 },
          "scale": { "x": 1.0, "y": 1.0, "z": 1.0 },
          "inheritOnlyPosition": false
        }
      ]
    },
    {
      "type": "Entity",
      "name": "entity_root",
      "id": 2101618603,
      "components": [
        {
          "type": "VfxDefinitionComponent",
          "name": "entity_root_VfxDefinition",
          "filename": "data/hd/vfx/particles/overlays/object/horadric_light/FX_Horadric_Light.particles",
          "hardKillOnDestroy": false
        },
        {
          "type": "TransformDefinitionComponent",
          "name": "component_transform1",
          "position": { "x": 0.0, "y": 0.0, "z": 0.0 },
          "orientation": { "x": 0.0, "y": 0.0, "z": 0.0, "w": 1.0 },
          "scale": { "x": 1.0, "y": 1.0, "z": 1.0 },
          "inheritOnlyPosition": false
        }
      ]
    }
  ]
}