{
  "dependencies": {
    "particles": [{ "path": "data/hd/vfx/particles/env/UI/vfx_mouse_over_light_sml.particles" }],
    "models": [],
    "skeletons": [],
    "animations": [],
    "textures": [],
    "physics": [],
    "json": [],
    "variantdata": [],
    "objecteffects": [],
    "other": []
  },
  "type": "UnitDefinition",
  "name": "act_5_ice_caves_down_floor",
  "entities": [
    {
      "type": "Entity",
      "name": "entity_root",
      "id": 1511382741,
      "components": [
        {
          "type": "UnitRootComponent",
          "name": "component_root",
          "state_machine_filename": "",
          "doNotInheritRotation": false,
          "rotationOverride": { "x": 0.0, "y": 0.3826834, "z": 0.0, "w": 0.9238795 },
          "doNotUseHDHeight": false,
          "hideAllMeshWhenInOpenedMode": false,
          "onCreateEventName": "",
          "animations": []
        }
      ]
    },
    {
      "type": "Entity",
      "name": "entity_vfx1",
      "id": 2830552722,
      "components": [
        {
          "type": "VfxDefinitionComponent",
          "name": "component_vfx1",
          "filename": "data/hd/vfx/particles/env/UI/vfx_mouse_over_light_sml.particles",
          "hardKillOnDestroy": false
        },
        {
          "type": "TransformDefinitionComponent",
          "name": "component_transform1",
          "position": { "x": 2.0, "y": -1.0, "z": -9.0 },
          "orientation": { "x": 0.0, "y": 0.0, "z": 0.0, "w": 1.0 },
          "scale": { "x": 1.0, "y": 1.0, "z": 1.0 },
          "inheritOnlyPosition": false
        }
      ]
    },
    {
      "type": "Entity",
      "name": "pf_beacon_downstairs",
      "id": 586091854,
      "components": [
        {
          "type": "TransformDefinitionComponent",
          "name": "prefab_TransformDefinitionComponent",
          "position": { "x": 0.0, "y": -10.0, "z": 0.0 },
          "orientation": { "x": 0.0, "y": 0.0, "z": 0.0, "w": 1.0 },
          "scale": { "x": 1.0, "y": 25.0, "z": 1.0 },
          "inheritOnlyPosition": false
        },
        {
          "type": "PrefabPlacementDefinitionComponent",
          "name": "prefab_PrefabPlacementDefinitionComponent",
          "prefab": "data/hd/env/porory/beacon/pf_beacon_downstairs.json"
        }
      ]
    }
  ]
}
