{
  "dependencies": {
    "particles": [
      {
        "path": "data/hd/vfx/particles/objects/env_organic/cocoon_2/vfx_cocoon_2.particles"
      }
    ],
    "models": [
      { "path": "data/hd/objects/env_organic/cocoon_1/model/torso.model" },
      { "path": "data/hd/vfx/meshes/fx_mesh_ccheek_plane.model" }
    ],
    "skeletons": [
      {
        "path": "data/hd/objects/env_organic/cocoon_1/skeleton/cocoon_1.skeleton"
      }
    ],
    "animations": [],
    "textures": [
      {
        "path": "data/hd/objects/env_organic/cocoon_1/texture/Objects_cocoon_1_alb.texture"
      },
      {
        "path": "data/hd/objects/env_organic/cocoon_1/texture/Objects_cocoon_1_B.texture"
      },
      {
        "path": "data/hd/objects/env_organic/cocoon_1/texture/Objects_cocoon_1_nrm.texture"
      },
      {
        "path": "data/hd/objects/env_organic/cocoon_1/texture/Objects_cocoon_1_orm.texture"
      },
      { "path": "data/hd/vfx/textures/mask/T_FX_CircleSoft_Mask_01.texture" }
    ],
    "physics": [],
    "json": [
      {
        "path": "data/hd/objects/env_organic/cocoon_2/cocoon_2_state_machine.json"
      }
    ],
    "variantdata": [],
    "objecteffects": [],
    "other": []
  },
  "type": "UnitDefinition",
  "name": "cocoon_2",
  "entities": [
    {
      "type": "Entity",
      "name": "entity_root",
      "id": 2009981729,
      "components": [
        {
          "type": "UnitRootComponent",
          "name": "component_root",
          "state_machine_filename": "data/hd/objects/env_organic/cocoon_2/cocoon_2_state_machine.json",
          "doNotInheritRotation": false,
          "rotationOverride": {
            "x": 0.0,
            "y": 0.3826834,
            "z": 0.0,
            "w": 0.9238795
          },
          "doNotUseHDHeight": false,
          "hideAllMeshWhenInOpenedMode": false,
          "onCreateEventName": "",
          "animations": []
        },
        {
          "type": "SkeletonDefinitionComponent",
          "name": "component_skeleton",
          "filename": "data/hd/objects/env_organic/cocoon_1/skeleton/cocoon_1.skeleton"
        },
        {
          "type": "VfxDefinitionComponent",
          "name": "entity_root_VfxDefinition",
          "filename": "data/hd/vfx/particles/objects/env_organic/cocoon_2/vfx_cocoon_2.particles",
          "hardKillOnDestroy": false
        },
        {
          "type": "DeadAnimationSpeedOverrideComponent",
          "name": "entity_root_DeadAnimationSpeedOverride",
          "speed": 1.0
        }
      ]
    },
    {
      "type": "Entity",
      "name": "entity_torso",
      "id": 2559071662,
      "components": [
        {
          "type": "UnitPartComponent",
          "name": "component_part_torso",
          "part": "torso",
          "variant": "lit"
        },
        {
          "type": "ModelDefinitionComponent",
          "name": "component_model_torso",
          "filename": "data/hd/objects/env_organic/cocoon_1/model/torso.model",
          "visibleLayers": 1,
          "lightMask": 19,
          "shadowMask": 3,
          "ghostShadows": false,
          "floorModel": false,
          "terrainBlendEnableYUpBlend": false,
          "terrainBlendMode": 1
        }
      ]
    },
    {
        "type": "Entity",
        "name": "vfx",
        "id": 856925902,
        "components": [
            {
                "type": "VfxDefinitionComponent",
                "name": "vfx_VfxDefinition",
                "filename": "data/hd/vfx/particles/objects/shrines_other/shrine_baal_magic/vfx_shrine_baal_magic.particles",
                "hardKillOnDestroy": false
            },
            {
                "type": "TransformDefinitionComponent",
                "name": "vfx_TransformDefinition",
                "position": {
                    "x": 1.5,
                    "y": -1.0,
                    "z": 2.5
                },
                "orientation": {
                    "x": 0.0,
                    "y": 0.0,
                    "z": 0.0,
                    "w": 1.0
                },
                "scale": {
                    "x": 1.0,
                    "y": 1.0,
                    "z": 1.0
                },
                "inheritOnlyPosition": false
            }
        ]
    }
  ]
}
