{
    "dependencies": {
        "particles": [],
        "models": [
            {
                "path": "data/hd/missiles/arrow/arrow.model"
            }
        ],
        "skeletons": [],
        "animations": [],
        "textures": [
            {
                "path": "data/hd/missiles/arrow/missile_arrow_ALB.texture"
            },
            {
                "path": "data/hd/missiles/arrow/missile_arrow_NRM.texture"
            },
            {
                "path": "data/hd/missiles/arrow/missile_arrow_ORM.texture"
            }
        ],
        "physics": [],
        "json": [],
        "variantdata": [],
        "objecteffects": [],
        "other": []
    },
    "type": "UnitDefinition",
    "name": "arrow",
    "entities": [
        {
            "type": "Entity",
            "name": "entity_root",
            "id": 2001416446,
            "components": [
                {
                    "type": "TransformDefinitionComponent",
                    "name": "component_transform1",
                    "position": {
                        "x": 0.0,
                        "y": 5.0,
                        "z": 0.0
                    },
                    "orientation": {
                        "x": 0.0,
                        "y": 0.0,
                        "z": 0.0,
                        "w": 1.0
                    },
                    "scale": {
                        "x": 3.5,
                        "y": 1.2,
                        "z": 1.25
                    },
                    "inheritOnlyPosition": false
                },
                {
                    "type": "UnitRootComponent",
                    "name": "component_root",
                    "state_machine_filename": "",
                    "doNotInheritRotation": false,
                    "rotationOverride": {
                        "x": 0.0,
                        "y": 0.3826834,
                        "z": 0.0,
                        "w": 0.9238795
                    },
                    "doNotUseHDHeight": false,
                    "hideAllMeshWhenInOpenedMode": false,
                    "onCreateEventName": "",
                    "animations": []
                }
            ]
        },
        {
            "type": "Entity",
            "name": "entity_vfx",
            "id": 2873517494,
            "components": [
                {
                    "type": "ModelDefinitionComponent",
                    "name": "entity_vfx_ModelDefinition",
                    "filename": "data/hd/missiles/arrow/arrow.model",
                    "visibleLayers": 1,
                    "lightMask": 19,
                    "shadowMask": 3,
                    "ghostShadows": false,
                    "floorModel": false,
                    "terrainBlendEnableYUpBlend": false,
                    "terrainBlendMode": 1
                },
                {
                    "type": "TransformDefinitionComponent",
                    "name": "component_transform1",
                    "position": {
                        "x": 0.0,
                        "y": 5.0,
                        "z": 0.0
                    },
                    "orientation": {
                        "x": 0.0,
                        "y": 0.0,
                        "z": 0.0,
                        "w": 1.0
                    },
                    "scale": {
                        "x": 1.25,
                        "y": 1.25,
                        "z": 1.25
                    },
                    "inheritOnlyPosition": false
                },
                {
                    "type": "TrackReleasePointDefinitionComponent",
                    "name": "entity_vfx_TrackReleasePointDefinition",
                    "transitionTime": 0.5
                }
            ]
        }
    ]
}