{
  "dependencies": {
    "particles": [
      { "path": "data/hd/vfx/particles/objects/env_manmade/soul_stone_forge/vfx_soul_stone_forge.particles" }
    ],
    "models": [
      { "path": "data/hd/objects/env_manmade/soul_stone_forge/model/special1.model" },
      { "path": "data/hd/objects/env_manmade/soul_stone_forge/model/special2.model" },
      { "path": "data/hd/objects/env_manmade/soul_stone_forge/model/special3.model" },
      { "path": "data/hd/objects/env_manmade/soul_stone_forge/model/torso.model" },
      { "path": "data/hd/vfx/meshes/vfx_lava_rock_small.model" }
    ],
    "skeletons": [{ "path": "data/hd/objects/env_manmade/soul_stone_forge/skeleton/soul_stone_forge.skeleton" }],
    "animations": [],
    "textures": [
      { "path": "data/hd/objects/env_manmade/soul_stone_forge/texture/soul_stone_forge_alb.texture" },
      { "path": "data/hd/objects/env_manmade/soul_stone_forge/texture/soul_stone_forge_nrm.texture" },
      { "path": "data/hd/objects/env_manmade/soul_stone_forge/texture/soul_stone_forge_orm.texture" },
      { "path": "data/hd/vfx/meshes/lit_mesh/frozen_orb/FrozenOrb_ORM.texture" }
    ],
    "physics": [],
    "json": [{ "path": "data/hd/objects/env_manmade/soul_stone_forge/soul_stone_forge_state_machine.json" }],
    "variantdata": [],
    "objecteffects": [],
    "other": []
  },
  "type": "UnitDefinition",
  "name": "soul_stone_forge",
  "entities": [
    {
      "type": "Entity",
      "name": "entity_root",
      "id": 2174613480,
      "components": [
        {
          "type": "UnitRootComponent",
          "name": "component_root",
          "state_machine_filename": "data/hd/objects/env_manmade/soul_stone_forge/soul_stone_forge_state_machine.json",
          "doNotInheritRotation": false,
          "rotationOverride": { "x": 0.0, "y": 0.3826834, "z": 0.0, "w": 0.9238795 },
          "doNotUseHDHeight": false,
          "hideAllMeshWhenInOpenedMode": false,
          "onCreateEventName": "",
          "animations": []
        },
        {
          "type": "SkeletonDefinitionComponent",
          "name": "component_skeleton",
          "filename": "data/hd/objects/env_manmade/soul_stone_forge/skeleton/soul_stone_forge.skeleton"
        }
      ]
    },
    {
      "type": "Entity",
      "name": "entity_torso",
      "id": 671761266,
      "components": [
        { "type": "UnitPartComponent", "name": "component_part_torso", "part": "torso", "variant": "lit" },
        {
          "type": "ModelDefinitionComponent",
          "name": "component_model_torso",
          "filename": "data/hd/objects/env_manmade/soul_stone_forge/model/torso.model",
          "visibleLayers": 1,
          "lightMask": 19,
          "shadowMask": 3,
          "ghostShadows": false,
          "floorModel": false,
          "terrainBlendEnableYUpBlend": false,
          "terrainBlendMode": 1
        }
      ]
    },
    {
      "type": "Entity",
      "name": "entity_special1",
      "id": 3029871776,
      "components": [
        { "type": "UnitPartComponent", "name": "component_part_special1", "part": "special1", "variant": "lit" },
        {
          "type": "ModelDefinitionComponent",
          "name": "component_model_special1",
          "filename": "data/hd/objects/env_manmade/soul_stone_forge/model/special1.model",
          "visibleLayers": 1,
          "lightMask": 19,
          "shadowMask": 3,
          "ghostShadows": false,
          "floorModel": false,
          "terrainBlendEnableYUpBlend": false,
          "terrainBlendMode": 1
        }
      ]
    },
    {
      "type": "Entity",
      "name": "entity_special2",
      "id": 3562249517,
      "components": [
        { "type": "UnitPartComponent", "name": "component_part_special2", "part": "special2", "variant": "lit" },
        {
          "type": "ModelDefinitionComponent",
          "name": "component_model_special2",
          "filename": "data/hd/objects/env_manmade/soul_stone_forge/model/special2.model",
          "visibleLayers": 1,
          "lightMask": 19,
          "shadowMask": 3,
          "ghostShadows": false,
          "floorModel": false,
          "terrainBlendEnableYUpBlend": false,
          "terrainBlendMode": 1
        }
      ]
    },
    {
      "type": "Entity",
      "name": "entity_special3",
      "id": 139449062,
      "components": [
        { "type": "UnitPartComponent", "name": "component_part_special3", "part": "special3", "variant": "lit" },
        {
          "type": "ModelDefinitionComponent",
          "name": "component_model_special3",
          "filename": "data/hd/objects/env_manmade/soul_stone_forge/model/special3.model",
          "visibleLayers": 1,
          "lightMask": 19,
          "shadowMask": 3,
          "ghostShadows": false,
          "floorModel": false,
          "terrainBlendEnableYUpBlend": false,
          "terrainBlendMode": 1
        }
      ]
    },
    {
      "type": "Entity",
      "name": "vfx",
      "id": 1841518337,
      "components": [
        {
          "type": "VfxDefinitionComponent",
          "name": "vfx_VfxDefinition",
          "filename": "data/hd/vfx/particles/objects/env_manmade/soul_stone_forge/vfx_soul_stone_forge.particles",
          "hardKillOnDestroy": false
        }
      ]
    },
    {
      "type": "Entity",
      "name": "pf_beacon_quest",
      "id": 586091854,
      "components": [
        {
          "type": "TransformDefinitionComponent",
          "name": "prefab_TransformDefinitionComponent",
          "position": { "x": 0.0, "y": -10.0, "z": 0.0 },
          "orientation": { "x": 0.0, "y": 0.0, "z": 0.0, "w": 1.0 },
          "scale": { "x": 1.0, "y": 25.0, "z": 1.0 },
          "inheritOnlyPosition": false
        },
        {
          "type": "PrefabPlacementDefinitionComponent",
          "name": "prefab_PrefabPlacementDefinitionComponent",
          "prefab": "data/hd/env/porory/beacon/pf_beacon_quest.json"
        }
      ]
    }
  ]
}
