{
  "dependencies": {
    "particles": [],
    "models": [
      { "path": "data/hd/objects/characters/dead_person/model/torso.model" }
    ],
    "skeletons": [
      {
        "path": "data/hd/objects/characters/dead_person/skeleton/dead_person.skeleton"
      }
    ],
    "animations": [],
    "textures": [
      { "path": "data/hd/character/common/common_hair1_FLOW.texture" },
      { "path": "data/hd/character/common/common_hair1_HRT.texture" },
      { "path": "data/hd/character/common/common_ktint.texture" },
      {
        "path": "data/hd/character/enemy/act5barb1/textures/act5barb_body_SSS.texture"
      },
      {
        "path": "data/hd/character/enemy/act5barb1/textures/act5barb_head_SSS.texture"
      },
      {
        "path": "data/hd/objects/characters/dead_person_again/textures/dead_person_again_armor_alb.texture"
      },
      {
        "path": "data/hd/objects/characters/dead_person_again/textures/dead_person_again_armor_nrm.texture"
      },
      {
        "path": "data/hd/objects/characters/dead_person_again/textures/dead_person_again_armor_orm.texture"
      },
      {
        "path": "data/hd/objects/characters/dead_person_again/textures/dead_person_again_bloodplane_alb.texture"
      },
      {
        "path": "data/hd/objects/characters/dead_person_again/textures/dead_person_again_bloodplane_nrm.texture"
      },
      {
        "path": "data/hd/objects/characters/dead_person_again/textures/dead_person_again_bloodplane_orm.texture"
      },
      {
        "path": "data/hd/objects/characters/dead_person_again/textures/dead_person_again_body_alb.texture"
      },
      {
        "path": "data/hd/objects/characters/dead_person_again/textures/dead_person_again_body_nrm.texture"
      },
      {
        "path": "data/hd/objects/characters/dead_person_again/textures/dead_person_again_body_orm.texture"
      },
      {
        "path": "data/hd/objects/characters/dead_person_again/textures/dead_person_again_hair_ALB.texture"
      },
      {
        "path": "data/hd/objects/characters/dead_person_again/textures/dead_person_again_head_alb.texture"
      },
      {
        "path": "data/hd/objects/characters/dead_person_again/textures/dead_person_again_head_nrm.texture"
      },
      {
        "path": "data/hd/objects/characters/dead_person_again/textures/dead_person_again_head_orm.texture"
      },
      {
        "path": "data/hd/objects/characters/dead_person_again/textures/dead_person_again_stakes_alb.texture"
      },
      {
        "path": "data/hd/objects/characters/dead_person_again/textures/dead_person_again_stakes_nrm.texture"
      },
      {
        "path": "data/hd/objects/characters/dead_person_again/textures/dead_person_again_stakes_orm.texture"
      }
    ],
    "physics": [],
    "json": [
      {
        "path": "data/hd/objects/characters/dead_person/dead_person_state_machine.json"
      }
    ],
    "variantdata": [],
    "objecteffects": [],
    "other": []
  },
  "type": "UnitDefinition",
  "name": "dead_person_again",
  "entities": [
    {
      "type": "Entity",
      "name": "entity_root",
      "id": 1210580120,
      "components": [
        {
          "type": "UnitRootComponent",
          "name": "component_root",
          "state_machine_filename": "data/hd/objects/characters/dead_person/dead_person_state_machine.json",
          "doNotInheritRotation": false,
          "rotationOverride": {
            "x": 0.0,
            "y": 0.3826834,
            "z": 0.0,
            "w": 0.9238795
          },
          "doNotUseHDHeight": false,
          "hideAllMeshWhenInOpenedMode": false,
          "onCreateEventName": "",
          "animations": []
        },
        {
          "type": "SkeletonDefinitionComponent",
          "name": "component_skeleton",
          "filename": "data/hd/objects/characters/dead_person/skeleton/dead_person.skeleton"
        }
      ]
    },
    {
      "type": "Entity",
      "name": "entity_torso",
      "id": 2065838416,
      "components": [
        {
          "type": "UnitPartComponent",
          "name": "component_part_torso",
          "part": "torso",
          "variant": "lit"
        },
        {
          "type": "ModelDefinitionComponent",
          "name": "component_model_torso",
          "filename": "data/hd/objects/characters/dead_person/model/torso.model",
          "visibleLayers": 1,
          "lightMask": 19,
          "shadowMask": 3,
          "ghostShadows": false,
          "floorModel": false,
          "terrainBlendEnableYUpBlend": false,
          "terrainBlendMode": 1
        },
        {
          "type": "TransformDefinitionComponent",
          "name": "entity_torso_TransformDefinition",
          "position": { "x": 0.0, "y": 0.0, "z": 0.0 },
          "orientation": { "x": 0.0, "y": 0.0, "z": 0.0, "w": 1.0 },
          "scale": { "x": 1.1, "y": 1.1, "z": 1.1 },
          "inheritOnlyPosition": false
        }
      ]
    },
    {
        "type": "Entity",
        "name": "vfx",
        "id": 856925902,
        "components": [
            {
                "type": "VfxDefinitionComponent",
                "name": "vfx_VfxDefinition",
                "filename": "data/hd/vfx/particles/objects/shrines_other/shrine_baal_magic/vfx_shrine_baal_magic.particles",
                "hardKillOnDestroy": false
            },
            {
                "type": "TransformDefinitionComponent",
                "name": "vfx_TransformDefinition",
                "position": {
                    "x": -1.0,
                    "y": 1.5,
                    "z": 0.0
                },
                "orientation": {
                    "x": 0.0,
                    "y": 0.0,
                    "z": 0.0,
                    "w": 1.0
                },
                "scale": {
                    "x": 1.0,
                    "y": 1.0,
                    "z": 1.0
                },
                "inheritOnlyPosition": false
            }
        ]
    }
  ]
}
