{
  "dependencies": {
    "particles": [],
    "models": [
      { "path": "data/hd/objects/characters/harem_guard_2/model/torso.model" }
    ],
    "skeletons": [
      {
        "path": "data/hd/objects/characters/harem_guard_2/skeleton/harem_guard_2.skeleton"
      }
    ],
    "animations": [],
    "textures": [
      { "path": "data/hd/character/common/common_hair1_FLOW.texture" },
      { "path": "data/hd/character/common/common_hair1_HRT.texture" },
      { "path": "data/hd/character/common/common_ktint.texture" },
      {
        "path": "data/hd/character/npc/act2guard1/textures/act2guard1_hair_ALB.texture"
      },
      {
        "path": "data/hd/objects/characters/harem_guard_2/textures/bloodplane_alb.texture"
      },
      {
        "path": "data/hd/objects/characters/harem_guard_2/textures/bloodplane_nrm.texture"
      },
      {
        "path": "data/hd/objects/characters/harem_guard_2/textures/bloodplane_orm.texture"
      },
      {
        "path": "data/hd/objects/characters/harem_guard_2/textures/body_skin_alb.texture"
      },
      {
        "path": "data/hd/objects/characters/harem_guard_2/textures/body_skin_nrm.texture"
      },
      {
        "path": "data/hd/objects/characters/harem_guard_2/textures/body_skin_orm.texture"
      },
      {
        "path": "data/hd/objects/characters/harem_guard_2/textures/clothing_alb.texture"
      },
      {
        "path": "data/hd/objects/characters/harem_guard_2/textures/clothing_nrm.texture"
      },
      {
        "path": "data/hd/objects/characters/harem_guard_2/textures/clothing_orm.texture"
      },
      {
        "path": "data/hd/objects/characters/harem_guard_2/textures/face_alb.texture"
      },
      {
        "path": "data/hd/objects/characters/harem_guard_2/textures/face_nrm.texture"
      },
      {
        "path": "data/hd/objects/characters/harem_guard_2/textures/face_orm.texture"
      },
      {
        "path": "data/hd/objects/characters/harem_guard_2/textures/scabbard_alb.texture"
      },
      {
        "path": "data/hd/objects/characters/harem_guard_2/textures/scabbard_nrm.texture"
      },
      {
        "path": "data/hd/objects/characters/harem_guard_2/textures/scabbard_orm.texture"
      },
      {
        "path": "data/hd/objects/characters/harem_guard_2/textures/spear_alb.texture"
      },
      {
        "path": "data/hd/objects/characters/harem_guard_2/textures/spear_nrm.texture"
      },
      {
        "path": "data/hd/objects/characters/harem_guard_2/textures/spear_orm.texture"
      },
      {
        "path": "data/hd/objects/characters/harem_guard_2/textures/wound_alb.texture"
      },
      {
        "path": "data/hd/objects/characters/harem_guard_2/textures/wound_nrm.texture"
      },
      {
        "path": "data/hd/objects/characters/harem_guard_2/textures/wound_orm.texture"
      }
    ],
    "physics": [],
    "json": [],
    "variantdata": [],
    "objecteffects": [],
    "other": []
  },
  "type": "UnitDefinition",
  "name": "harem_guard_2",
  "entities": [
    {
      "type": "Entity",
      "name": "entity_root",
      "id": 964418465,
      "components": [
        {
          "type": "UnitRootComponent",
          "name": "component_root",
          "state_machine_filename": "",
          "doNotInheritRotation": false,
          "rotationOverride": {
            "x": 0.0,
            "y": 0.3826834,
            "z": 0.0,
            "w": 0.9238795
          },
          "doNotUseHDHeight": false,
          "hideAllMeshWhenInOpenedMode": false,
          "onCreateEventName": "",
          "animations": []
        },
        {
          "type": "SkeletonDefinitionComponent",
          "name": "component_skeleton",
          "filename": "data/hd/objects/characters/harem_guard_2/skeleton/harem_guard_2.skeleton"
        }
      ]
    },
    {
      "type": "Entity",
      "name": "entity_torso",
      "id": 1836453721,
      "components": [
        {
          "type": "UnitPartComponent",
          "name": "component_part_torso",
          "part": "torso",
          "variant": "lit"
        },
        {
          "type": "ModelDefinitionComponent",
          "name": "component_model_torso",
          "filename": "data/hd/objects/characters/harem_guard_2/model/torso.model",
          "visibleLayers": 1,
          "lightMask": 19,
          "shadowMask": 3,
          "ghostShadows": false,
          "floorModel": false,
          "terrainBlendEnableYUpBlend": false,
          "terrainBlendMode": 1
        }
      ]
    },
    {
        "type": "Entity",
        "name": "vfx",
        "id": 856925902,
        "components": [
            {
                "type": "VfxDefinitionComponent",
                "name": "vfx_VfxDefinition",
                "filename": "data/hd/vfx/particles/objects/shrines_other/shrine_baal_magic/vfx_shrine_baal_magic.particles",
                "hardKillOnDestroy": false
            },
            {
                "type": "TransformDefinitionComponent",
                "name": "vfx_TransformDefinition",
                "position": {
                    "x": 1.0,
                    "y": 0.5,
                    "z": 2.0
                },
                "orientation": {
                    "x": 0.0,
                    "y": 0.0,
                    "z": 0.0,
                    "w": 1.0
                },
                "scale": {
                    "x": 1.0,
                    "y": 1.0,
                    "z": 1.0
                },
                "inheritOnlyPosition": false
            }
        ]
    }
  ]
}
