{
  "dependencies": {
    "particles": [],
    "models": [
      {
        "path": "data/hd/objects/characters/sewer_dungeon_body/model/torso.model"
      }
    ],
    "skeletons": [
      {
        "path": "data/hd/objects/characters/sewer_dungeon_body/skeleton/sewer_dungeon_body.skeleton"
      }
    ],
    "animations": [],
    "textures": [
      { "path": "data/hd/character/common/common_hair1_FLOW.texture" },
      { "path": "data/hd/character/common/common_hair1_HRT.texture" },
      { "path": "data/hd/character/common/common_ktint.texture" },
      {
        "path": "data/hd/objects/characters/sewer_dungeon_body/textures/sewer_dungeon_body_beam_alb.texture"
      },
      {
        "path": "data/hd/objects/characters/sewer_dungeon_body/textures/sewer_dungeon_body_beam_nrm.texture"
      },
      {
        "path": "data/hd/objects/characters/sewer_dungeon_body/textures/sewer_dungeon_body_beam_orm.texture"
      },
      {
        "path": "data/hd/objects/characters/sewer_dungeon_body/textures/sewer_dungeon_body_bloodplane_alb.texture"
      },
      {
        "path": "data/hd/objects/characters/sewer_dungeon_body/textures/sewer_dungeon_body_bloodplane_nrm.texture"
      },
      {
        "path": "data/hd/objects/characters/sewer_dungeon_body/textures/sewer_dungeon_body_bloodplane_orm.texture"
      },
      {
        "path": "data/hd/objects/characters/sewer_dungeon_body/textures/sewer_dungeon_body_body_alb.texture"
      },
      {
        "path": "data/hd/objects/characters/sewer_dungeon_body/textures/sewer_dungeon_body_body_nrm.texture"
      },
      {
        "path": "data/hd/objects/characters/sewer_dungeon_body/textures/sewer_dungeon_body_body_orm.texture"
      },
      {
        "path": "data/hd/objects/characters/sewer_dungeon_body/textures/sewer_dungeon_body_clothes_alb.texture"
      },
      {
        "path": "data/hd/objects/characters/sewer_dungeon_body/textures/sewer_dungeon_body_clothes_nrm.texture"
      },
      {
        "path": "data/hd/objects/characters/sewer_dungeon_body/textures/sewer_dungeon_body_clothes_orm.texture"
      },
      {
        "path": "data/hd/objects/characters/sewer_dungeon_body/textures/sewer_dungeon_body_hair_ALB.texture"
      },
      {
        "path": "data/hd/objects/characters/sewer_dungeon_body/textures/sewer_dungeon_body_head_alb.texture"
      },
      {
        "path": "data/hd/objects/characters/sewer_dungeon_body/textures/sewer_dungeon_body_head_nrm.texture"
      },
      {
        "path": "data/hd/objects/characters/sewer_dungeon_body/textures/sewer_dungeon_body_head_orm.texture"
      }
    ],
    "physics": [],
    "json": [
      {
        "path": "data/hd/objects/characters/sewer_dungeon_body/sewer_dungeon_body_state_machine.json"
      }
    ],
    "variantdata": [],
    "objecteffects": [],
    "other": []
  },
  "type": "UnitDefinition",
  "name": "sewer_dungeon_body",
  "entities": [
    {
      "type": "Entity",
      "name": "entity_root",
      "id": 1041136853,
      "components": [
        {
          "type": "UnitRootComponent",
          "name": "component_root",
          "state_machine_filename": "data/hd/objects/characters/sewer_dungeon_body/sewer_dungeon_body_state_machine.json",
          "doNotInheritRotation": false,
          "rotationOverride": {
            "x": 0.0,
            "y": 0.3826834,
            "z": 0.0,
            "w": 0.9238795
          },
          "doNotUseHDHeight": false,
          "hideAllMeshWhenInOpenedMode": false,
          "onCreateEventName": "",
          "animations": []
        },
        {
          "type": "SkeletonDefinitionComponent",
          "name": "component_skeleton",
          "filename": "data/hd/objects/characters/sewer_dungeon_body/skeleton/sewer_dungeon_body.skeleton"
        }
      ]
    },
    {
      "type": "Entity",
      "name": "entity_torso",
      "id": 1590357601,
      "components": [
        {
          "type": "UnitPartComponent",
          "name": "component_part_torso",
          "part": "torso",
          "variant": "lit"
        },
        {
          "type": "ModelDefinitionComponent",
          "name": "component_model_torso",
          "filename": "data/hd/objects/characters/sewer_dungeon_body/model/torso.model",
          "visibleLayers": 1,
          "lightMask": 19,
          "shadowMask": 3,
          "ghostShadows": false,
          "floorModel": false,
          "terrainBlendEnableYUpBlend": false,
          "terrainBlendMode": 1
        }
      ]
    },
    {
        "type": "Entity",
        "name": "vfx",
        "id": 856925902,
        "components": [
            {
                "type": "VfxDefinitionComponent",
                "name": "vfx_VfxDefinition",
                "filename": "data/hd/vfx/particles/objects/shrines_other/shrine_baal_magic/vfx_shrine_baal_magic.particles",
                "hardKillOnDestroy": false
            },
            {
                "type": "TransformDefinitionComponent",
                "name": "vfx_TransformDefinition",
                "position": {
                    "x": 0.5,
                    "y": -1.0,
                    "z": 1.0
                },
                "orientation": {
                    "x": 0.0,
                    "y": 0.0,
                    "z": 0.0,
                    "w": 1.0
                },
                "scale": {
                    "x": 1.0,
                    "y": 1.0,
                    "z": 1.0
                },
                "inheritOnlyPosition": false
            }
        ]
    }
  ]
}
