{
    "dependencies": {
        "particles": [],
        "models": [
            {
                "path": "data/hd/objects/characters/yet_another_dead_body/model/torso.model"
            }
        ],
        "skeletons": [
            {
                "path": "data/hd/objects/characters/yet_another_dead_body/skeleton/yet_another_dead_body.skeleton"
            }
        ],
        "animations": [],
        "textures": [
            {
                "path": "data/hd/character/common/common_hair1_FLOW.texture"
            },
            {
                "path": "data/hd/character/common/common_hair1_HRT.texture"
            },
            {
                "path": "data/hd/character/common/common_ktint.texture"
            },
            {
                "path": "data/hd/objects/characters/yet_another_dead_body/textures/yetanotherdeadbody_bloodplane_alb.texture"
            },
            {
                "path": "data/hd/objects/characters/yet_another_dead_body/textures/yetanotherdeadbody_bloodplane_nrm.texture"
            },
            {
                "path": "data/hd/objects/characters/yet_another_dead_body/textures/yetanotherdeadbody_bloodplane_orm.texture"
            },
            {
                "path": "data/hd/objects/characters/yet_another_dead_body/textures/yetanotherdeadbody_body_alb.texture"
            },
            {
                "path": "data/hd/objects/characters/yet_another_dead_body/textures/yetanotherdeadbody_body_nrm.texture"
            },
            {
                "path": "data/hd/objects/characters/yet_another_dead_body/textures/yetanotherdeadbody_body_orm.texture"
            },
            {
                "path": "data/hd/objects/characters/yet_another_dead_body/textures/yetanotherdeadbody_hair_ALB.texture"
            },
            {
                "path": "data/hd/objects/characters/yet_another_dead_body/textures/yetanotherdeadbody_head_alb.texture"
            },
            {
                "path": "data/hd/objects/characters/yet_another_dead_body/textures/yetanotherdeadbody_head_nrm.texture"
            },
            {
                "path": "data/hd/objects/characters/yet_another_dead_body/textures/yetanotherdeadbody_head_orm.texture"
            },
            {
                "path": "data/hd/objects/characters/yet_another_dead_body/textures/yetanotherdeadbody_outfit_alb.texture"
            },
            {
                "path": "data/hd/objects/characters/yet_another_dead_body/textures/yetanotherdeadbody_outfit_nrm.texture"
            },
            {
                "path": "data/hd/objects/characters/yet_another_dead_body/textures/yetanotherdeadbody_outfit_orm.texture"
            },
            {
                "path": "data/hd/objects/characters/yet_another_dead_body/textures/yetanotherdeadbody_rope_alb.texture"
            },
            {
                "path": "data/hd/objects/characters/yet_another_dead_body/textures/yetanotherdeadbody_rope_nrm.texture"
            },
            {
                "path": "data/hd/objects/characters/yet_another_dead_body/textures/yetanotherdeadbody_rope_orm.texture"
            },
            {
                "path": "data/hd/objects/characters/yet_another_dead_body/textures/yetanotherdeadbody_stake_alb.texture"
            },
            {
                "path": "data/hd/objects/characters/yet_another_dead_body/textures/yetanotherdeadbody_stake_nrm.texture"
            },
            {
                "path": "data/hd/objects/characters/yet_another_dead_body/textures/yetanotherdeadbody_stake_orm.texture"
            }
        ],
        "physics": [],
        "json": [
            {
                "path": "data/hd/objects/characters/yet_another_dead_body/yet_another_dead_body_state_machine.json"
            }
        ],
        "variantdata": [],
        "objecteffects": [],
        "other": []
    },
    "type": "UnitDefinition",
    "name": "yet_another_dead_body",
    "entities": [
        {
            "type": "Entity",
            "name": "entity_root",
            "id": 3317716946,
            "components": [
                {
                    "type": "UnitRootComponent",
                    "name": "component_root",
                    "state_machine_filename": "data/hd/objects/characters/yet_another_dead_body/yet_another_dead_body_state_machine.json",
                    "doNotInheritRotation": false,
                    "rotationOverride": {
                        "x": 0.0,
                        "y": 0.3826834,
                        "z": 0.0,
                        "w": 0.9238795
                    },
                    "doNotUseHDHeight": false,
                    "hideAllMeshWhenInOpenedMode": false,
                    "onCreateEventName": "",
                    "animations": []
                },
                {
                    "type": "SkeletonDefinitionComponent",
                    "name": "component_skeleton",
                    "filename": "data/hd/objects/characters/yet_another_dead_body/skeleton/yet_another_dead_body.skeleton"
                }
            ]
        },
        {
            "type": "Entity",
            "name": "entity_torso",
            "id": 3850160479,
            "components": [
                {
                    "type": "UnitPartComponent",
                    "name": "component_part_torso",
                    "part": "torso",
                    "variant": "lit"
                },
                {
                    "type": "ModelDefinitionComponent",
                    "name": "component_model_torso",
                    "filename": "data/hd/objects/characters/yet_another_dead_body/model/torso.model",
                    "visibleLayers": 1,
                    "lightMask": 19,
                    "shadowMask": 3,
                    "ghostShadows": false,
                    "floorModel": false,
                    "terrainBlendEnableYUpBlend": false,
                    "terrainBlendMode": 1
                }
            ]
        },
        {
            "type": "Entity",
            "name": "vfx",
            "id": 856925902,
            "components": [
                {
                    "type": "VfxDefinitionComponent",
                    "name": "vfx_VfxDefinition",
                    "filename": "data/hd/vfx/particles/objects/shrines_other/shrine_baal_magic/vfx_shrine_baal_magic.particles",
                    "hardKillOnDestroy": false
                },
                {
                    "type": "TransformDefinitionComponent",
                    "name": "vfx_TransformDefinition",
                    "position": {
                        "x": 0.5,
                        "y": 4.5,
                        "z": 1.5
                    },
                    "orientation": {
                        "x": 0.0,
                        "y": 0.0,
                        "z": 0.0,
                        "w": 1.0
                    },
                    "scale": {
                        "x": 1.0,
                        "y": 1.0,
                        "z": 1.0
                    },
                    "inheritOnlyPosition": false
                }
            ]
        }
    ]
}