﻿[
  {
    "id": 3632,
    "Key": "gemeffect1",
    "enUS": "Helm: adds to strength\nShield: adds to shield's defense\nWeapon: adds to attack rating\n",
    "zhTW": "頭盔：提高力量\n盾牌：提高盾牌的防禦\n武器：提高準確率\n",
    "deDE": "Helm: erhöht Stärke\nSchild: erhöht Verteidigung des Schildes\nWaffe: erhöht Angriffswert\n",
    "esES": "Yelmo: aumenta la fuerza\nEscudo: aumenta la defensa del escudo\nArma: aumenta el índice de ataque\n",
    "frFR": "Heaume : augmente la Force\nBouclier : ajoute de la défense au bouclier\nArme : augmente le score d’attaque\n",
    "itIT": "Elmo: aggiunge Forza\nScudo: aggiunge difesa allo scudo\nArma: aggiunge indice d'attacco\n",
    "koKR": "투구: 힘 증가\n방패: 방패의 방어력 증가\n무기: 명중률 증가\n",
    "plPL": "Hełm: zwiększa siłę\nTarcza: zwiększa obronę tarczy\nBroń: zwiększa skuteczność ataku\n",
    "esMX": "Yelmo: agrega fuerza\nEscudo: agrega defensa del escudo\nArma: agrega índice de ataque\n",
    "jaJP": "兜: 筋力が上昇\n盾: 盾防御力が上昇\n武器: 命中率が上昇\n",
    "ptBR": "Elmo: aumenta a força\nEscudo: aumenta a defesa do escudo\nArma: aumenta a taxa de ataque\n",
    "ruRU": "Шлем: повышает силу\nЩит: повышает защиту\nОружие: повышает рейтинг атаки\n",
    "zhCN": "头盔: 增加力量\n盾牌: 增加盾牌的防御值\n武器: 增加命中值"
  },
  {
    "id": 3633,
    "Key": "gemeffect2",
    "enUS": "Helm: adds to maximum mana\nShield: adds resistance to cold\nWeapon: adds cold damage to attack\n",
    "zhTW": "頭盔：提高法力上限\n護盾：提高冰寒抗性\n武器：攻擊附加冰寒傷害",
    "deDE": "Helm: Erhöht maximales Mana\nSchild: Erhöht Kältewiderstand\nWaffe: Fügt Angriffen Kälteschaden hinzu\n",
    "esES": "Yelmo: aumenta el maná máximo\nEscudo: aumenta la resistencia al frío\nArma: añade daño de frío al ataque\n",
    "frFR": "Heaume : augmente le mana max.\nBouclier : augmente la résistance au Froid\nArme : ajoute des dégâts de Froid à l’attaque\n",
    "itIT": "Elmo: aggiunge mana massimo\nScudo: aggiunge resistenza al freddo\nArma: aggiunge danni da freddo\n",
    "koKR": "투구: 최대 마나 증가\n방패: 냉기 저항 증가\n무기: 공격에 냉기 피해 추가\n",
    "plPL": "Hełm: zwiększa maksymalną ilość many\nTarcza: zwiększa odporność na zimno\nBroń: dodaje obrażenia od zimna\n",
    "esMX": "Yelmo: agrega maná máximo\nEscudo: agrega resistencia al frío\nArma: agrega daño de frío al ataque\n",
    "jaJP": "兜: マナ最大値が上昇\n盾: 冷気耐性が上昇\n武器: 攻撃に冷気ダメージを追加\n",
    "ptBR": "Elmo: aumenta o máximo de mana\nEscudo: adiciona resistência a gelo\nArma: adiciona dano gélido ao ataque\n",
    "ruRU": "Шлем: увеличивает максимальный запас маны\nЩит: повышает сопротивление льду\nОружие: добавляет урон от льда при атаках\n",
    "zhCN": "头盔: 增加最大法力\n盾牌: 增加冰霜抗性\n武器: 增加攻击时的冰霜伤害"
  },
  {
    "id": 3634,
    "Key": "gemeffect3",
    "enUS": "Helm: adds to dexterity\nShield: adds resistance to poison\nWeapon: adds poison damage to attack\n",
    "zhTW": "頭盔：提高敏捷\n護盾：提高毒素抗性\n武器：攻擊附加毒素傷害\n",
    "deDE": "Helm: Erhöht Geschicklichkeit\nSchild: Erhöht Giftwiderstand\nWaffe: Fügt Angriffen Giftschaden hinzu\n",
    "esES": "Yelmo: aumenta la destreza\nEscudo: aumenta la resistencia al veneno\nArma: añade daño de veneno al ataque\n",
    "frFR": "Heaume : augmente la dextérité\nBouclier : augmente la résistance au Poison\nArme : ajoute des dégâts de Poison à l’attaque",
    "itIT": "Elmo: aggiunge Destrezza\nScudo: aggiunge resistenza al veleno\nArma: aggiunge danni da veleno\n",
    "koKR": "투구: 민첩 증가\n방패: 독 저항 증가\n무기: 공격에 독 피해 추가\n",
    "plPL": "Hełm: zwiększa zręczność\nTarcza: zwiększa odporność na trucizny\nBroń: dodaje obrażenia od trucizny\n",
    "esMX": "Yelmo: agrega destreza\nEscudo: agrega resistencia al veneno\nArma: agrega daño de veneno al ataque\n",
    "jaJP": "兜: 敏捷性が上昇\n盾: 毒物耐性が上昇\n武器: 攻撃に毒ダメージを追加\n",
    "ptBR": "Elmo: aumenta a destreza\nEscudo: adiciona resistência a veneno\nArma: adiciona dano venenoso ao ataque\n",
    "ruRU": "Шлем: повышает ловкость\nЩит: повышает сопротивление яду\nОружие: добавляет урон от яда при атаках\n",
    "zhCN": "头盔: 增加敏捷\n盾牌: 增加毒素抗性\n武器: 增加攻击时的毒素伤害"
  },
  {
    "id": 3635,
    "Key": "gemeffect4",
    "enUS": "Helm: adds to maximum life\nShield: adds resistance to fire\nWeapon: adds fire damage to attack\n",
    "zhTW": "頭盔：提高生命上限\n護盾：提高火焰抗性\n武器：攻擊附加火焰傷害\n",
    "deDE": "Helm: Erhöht maximales Leben\nSchild: Erhöht Feuerwiderstand\nWaffe: Fügt Angriffen Feuerschaden hinzu\n",
    "esES": "Yelmo: aumenta la vida máxima\nEscudo: aumenta la resistencia al fuego\nArma: añade daño de fuego al ataque\n",
    "frFR": "Heaume : augmente la vie max.\nBouclier : augmente la résistance au Feu\nArme : ajoute des dégâts de Feu à l’attaque",
    "itIT": "Elmo: aggiunge vita massima\nScudo: aggiunge resistenza al fuoco\nArma: aggiunge danni da fuoco\n",
    "koKR": "투구: 최대 생명력 증가\n방패: 화염 저항 증가\n무기: 공격에 화염 피해 추가\n",
    "plPL": "Hełm: zwiększa maksymalną ilość zdrowia\nTarcza: zwiększa odporność na ogień\nBroń: dodaje obrażenia od ognia\n",
    "esMX": "Yelmo: agrega vida máxima\nEscudo: agrega resistencia al fuego\nArma: agrega daño de fuego al ataque\n",
    "jaJP": "兜: ライフ最大値が上昇\n盾: 火炎耐性が上昇\n武器: 攻撃に火炎ダメージを追加\n",
    "ptBR": "Elmo: aumenta o máximo de pontos de vida\nEscudo: adiciona resistência a fogo\nArma: adiciona dano ígneo ao ataque\n",
    "ruRU": "Шлем: увеличивает максимальный запас здоровья\nЩит: повышает сопротивление огню\nОружие: добавляет урон от огня при атаках\n",
    "zhCN": "头盔: 增加最大生命\n盾牌: 增加火焰抗性\n武器: 增加攻击时的火焰伤害"
  },
  {
    "id": 3636,
    "Key": "gemeffect5",
    "enUS": "Helm: adds to attack rating\nShield: adds to all resistances\nWeapon: adds to damage vs. undead\n",
    "zhTW": "頭盔：提高準確率\n護盾：提高所有抗性\n武器：提高對不死怪物的傷害",
    "deDE": "Helm: Erhöht Angriffswert\nSchild: Erhöht alle Widerstände\nWaffe: Erhöht Schaden gegen Untote",
    "esES": "Yelmo: aumenta el índice de ataque\nEscudo: aumenta todas las resistencias\nArmas: aumenta el daño contra muertos vivientes\n",
    "frFR": "Heaume : augmente le score d’attaque\nBouclier : augmente toutes les résistances\nArme : augmente les dégâts infligés aux Morts-vivants\n",
    "itIT": "Elmo: aggiunge indice d'attacco\nScudo: aggiunge tutte le resistenze\nArma: aggiunge danni contro i non morti\n",
    "koKR": "투구: 명중률 증가\n방패: 모든 저항 증가\n무기: 언데드에게 주는 피해 추가\n",
    "plPL": "Hełm: zwiększa skuteczność ataku\nTarcza: zwiększa wszystkie odporności\nBroń: zwiększa obrażenia zadane nieumarłym\n",
    "esMX": "Yelmo: agrega índice de ataque\nEscudo: agrega todas las resistencias\nArma: agrega daño contra los no muertos\n",
    "jaJP": "兜: 命中率が上昇\n盾: 全属性耐性が上昇\n武器: アンデッドへのダメージが増加\n",
    "ptBR": "Elmo: aumenta a taxa de ataque\nEscudo: aumenta todas as resistências\nArma: aumenta o dano contra mortos-vivos\n",
    "ruRU": "Шлем: повышает рейтинг атаки\nЩит: повышает сопротивление всем видам урона\nОружие: повышает урон против нежити\n",
    "zhCN": "头盔: 增加命中值\n盾牌: 增加所有抗性\n武器: 增加对亡灵的伤害"
  },
  {
    "id": 3637,
    "Key": "gemeffect6",
    "enUS": "Helm: adds to chance to find magic items\nShield: adds resistance to lightning\nWeapon: adds lightning damage to attack\n",
    "zhTW": "頭盔：提高魔法物品尋獲機率\n護盾：提高電擊抗性\n武器：攻擊附加電擊傷害\n",
    "deDE": "Helm: Erhöht Chance, magische Gegenstände zu finden\nSchild: Erhöht Blitzwiderstand\nWaffe: Fügt Angriffen Blitzschaden hinzu\n",
    "esES": "Yelmo: aumenta la probabilidad de encontrar objetos mágicos\nEscudo: aumenta la resistencia a los rayos\nArma: añade daño de rayos al ataque\n",
    "frFR": "Heaume : augmente les chances de trouver des objets magiques\nBouclier : augmente la résistance à la Foudre\nArme : ajoute des dégâts de Foudre à l’attaque\n",
    "itIT": "Elmo: aggiunge alla probabilità di trovare oggetti magici\nScudo: aggiunge resistenza al fulmine\nArma: aggiunge danni da fulmine\n",
    "koKR": "투구: 마법 아이템 획득 확률 증가\n방패: 번개 저항 증가\n무기: 공격에 번개 피해 추가\n",
    "plPL": "Hełm: zwiększa szansę na znalezienie magicznych przedmiotów\nTarcza: zwiększa odporność na błyskawice\nBroń: dodaje obrażenia od błyskawic\n",
    "esMX": "Yelmo: agrega probabilidad de encontrar objetos mágicos\nEscudo: agrega resistencia al rayo\nArma: agrega daño de rayo al ataque\n",
    "jaJP": "兜: マジックアイテムのドロップ率が上昇\n盾: 電撃耐性が上昇\n武器: 攻撃に電撃ダメージを追加\n",
    "ptBR": "Elmo: aumenta a chance de encontrar itens mágicos\nEscudo: adiciona resistência elétrica\nArma: adiciona dano elétrico ao ataque\n",
    "ruRU": "Шлем: повышает вероятность найти магические предметы\nЩит: повышает сопротивление молнии\nОружие: добавляет урон от молнии при атаках\n",
    "zhCN": "头盔: 增加找到魔法物品几率\n盾牌: 增加闪电抗性\n武器: 增加攻击时的闪电伤害"
  },
  {
    "id": 3638,
    "Key": "gemeffect7",
    "enUS": "Helm: adds mana and life regeneration\nShield: adds attacker takes damage\nWeapon: adds mana and life steal to attack\n",
    "zhTW": "頭盔：提高法力和生命恢復率\n護盾：提高攻擊者反傷\n武器：攻擊附加法力和生命竊取\n",
    "deDE": "Helm: Erhöht Mana- und Lebensregeneration\nSchild: Angreifer erleidet Schaden\nWaffe: Fügt Angriffen Mana- und Lebensraub hinzu\n",
    "esES": "Yelmo: aumenta la regeneración de vida y maná\nEscudo: añade daño a los atacantes\nArma: añade robo de vida y maná al ataque\n",
    "frFR": "Heaume : accroît la régénération de mana et de vie\nBouclier : augmente les dégâts subis par l’adversaire\nArme : ajoute vol de mana et de vie à l’attaque",
    "itIT": "Elmo: aggiunge rigenerazione di mana e vita\nScudo: aggiunge danni subiti dagli attaccanti\nArma: aggiunge furto di mana e vita\n",
    "koKR": "투구: 마나 및 생명력 재생 속도 증가\n방패: 공격자에게 주는 피해 추가\n무기: 공격에 마나 및 생명력 훔치기 추가\n",
    "plPL": "Hełm: zwiększa szybkość regeneracji many i zdrowia\nTarcza: sprawia, że atakujący otrzymuje obrażenia\nBroń: zapewnia kradzież many i zdrowia\n",
    "esMX": "Yelmo: agrega regeneración de vida y maná\nEscudo: agrega que el atacante recibe daño\nArma: agrega robo de vida y maná al ataque\n",
    "jaJP": "兜: ライフとマナの回復速度が上昇\n盾: 反撃ダメージを追加\n武器: 攻撃時にライフとマナを奪う効果を追加\n",
    "ptBR": "Elmo: adiciona regeneração de pontos de vida e mana\nEscudo: adiciona recebimento de dano pelo agressor\nArma: adiciona roubo de pontos de vida e mana ao ataque\n",
    "ruRU": "Шлем: повышает скорость восполнения маны и здоровья\nЩит: наносит урон атакующим противникам\nОружие: позволяет похищать ману и здоровье при атаках\n",
    "zhCN": "头盔: 增加法力和生命回复\n盾牌: 增加攻击者受到的伤害\n武器: 增加攻击时偷取的法力和生命"
  },
  {
    "id": 4019,
    "Key": "Use",
    "enUS": "Use Gem",
    "zhTW": "使用寶石",
    "deDE": "Edelstein benutzen",
    "esES": "Usar gema",
    "frFR": "Utiliser une gemme",
    "itIT": "Usa Gemma",
    "koKR": "보석 사용",
    "plPL": "Użyj klejnotu",
    "esMX": "Usar gema",
    "jaJP": "宝石を使う",
    "ptBR": "Usar gema",
    "ruRU": "Использовать самоцвет",
    "zhCN": "使用宝石"
  },
  {
    "id": 11073,
    "Key": "GemXp1",
    "enUS": "ÿc8Helms:ÿc0",
    "zhTW": "頭盔：",
    "deDE": "Helme:",
    "esES": "Yelmos:",
    "frFR": "Heaumes :",
    "itIT": "Elmi:",
    "koKR": "ÿc8투구:ÿc0",
    "plPL": "Hełm:",
    "esMX": "Yelmos:",
    "jaJP": "兜:",
    "ptBR": "Elmos:",
    "ruRU": "Шлемы:",
    "zhCN": "头盔:"
  },
  {
    "id": 11074,
    "Key": "GemXp2",
    "enUS": "ÿc8Shields:ÿc0",
    "zhTW": "盾牌：",
    "deDE": "Schilde:",
    "esES": "Escudos:",
    "frFR": "Boucliers :",
    "itIT": "Scudi:",
    "koKR": "ÿc8방패:ÿc0",
    "plPL": "Tarcza:",
    "esMX": "Escudos:",
    "jaJP": "盾:",
    "ptBR": "Escudos:",
    "ruRU": "Щиты:",
    "zhCN": "盾牌:"
  },
  {
    "id": 11075,
    "Key": "GemXp3",
    "enUS": "ÿc8Weapons:ÿc0",
    "zhTW": "武器：",
    "deDE": "Waffen:",
    "esES": "Armas:",
    "frFR": "Armes :",
    "itIT": "Armi:",
    "koKR": "ÿc8무기:ÿc0",
    "plPL": "Broń:",
    "esMX": "Armas:",
    "jaJP": "武器:",
    "ptBR": "Armas:",
    "ruRU": "Оружие:",
    "zhCN": "武器:"
  },
  {
    "id": 11076,
    "Key": "GemXp4",
    "enUS": "ÿc8Armor:ÿc0",
    "zhTW": "護甲：",
    "deDE": "Rüstung:",
    "esES": "Armadura:",
    "frFR": "Armures :",
    "itIT": "Armature:",
    "koKR": "ÿc8방어구:ÿc0",
    "plPL": "Zbroja:",
    "esMX": "Armadura:",
    "jaJP": "鎧:",
    "ptBR": "Armaduras:",
    "ruRU": "Броня:",
    "zhCN": "护甲:"
  },
  {
    "id": 21265,
    "Key": "GemeffectX11",
    "enUS": "Adds to Strength",
    "zhTW": "提高力量",
    "deDE": "Erhöht Stärke",
    "esES": "Aumenta la fuerza",
    "frFR": "Augmente la force",
    "itIT": "Aggiunge Forza",
    "koKR": "힘 증가",
    "plPL": "Zwiększa siłę",
    "esMX": "Agrega fuerza",
    "jaJP": "筋力が上昇",
    "ptBR": "Aumenta a força",
    "ruRU": "Повышает силу",
    "zhCN": "增加力量"
  },
  {
    "id": 21266,
    "Key": "GemeffectX12",
    "enUS": "Adds to Defense",
    "zhTW": "提高防禦",
    "deDE": "Erhöht Verteidigung",
    "esES": "Aumenta la defensa",
    "frFR": "Augmente la défense",
    "itIT": "Aggiunge difesa",
    "koKR": "방어력 증가",
    "plPL": "Zwiększa obronę",
    "esMX": "Agrega defensa",
    "jaJP": "防御力が上昇",
    "ptBR": "Aumenta a defesa",
    "ruRU": "Повышает защиту",
    "zhCN": "增加防御"
  },
  {
    "id": 21267,
    "Key": "GemeffectX13",
    "enUS": "Adds to Attack Rating",
    "zhTW": "提高準確率",
    "deDE": "Erhöht Angriffswert",
    "esES": "Aumenta el índice de ataque",
    "frFR": "Augmente le score d’attaque",
    "itIT": "Aggiunge indice d'attacco",
    "koKR": "명중률 증가",
    "plPL": "Zwiększa skuteczność ataku",
    "esMX": "Agrega índice de ataque",
    "jaJP": "命中率が上昇",
    "ptBR": "Aumenta a taxa de ataque",
    "ruRU": "Повышает рейтинг атаки",
    "zhCN": "增加命中值"
  },
  {
    "id": 21268,
    "Key": "GemeffectX21",
    "enUS": "Adds to Maximum Mana",
    "zhTW": "提高法力上限",
    "deDE": "Erhöht maximales Mana",
    "esES": "Aumenta el maná máximo",
    "frFR": "Augmente le mana max.",
    "itIT": "Aggiunge mana massimo",
    "koKR": "최대 마나 증가",
    "plPL": "Zwiększa maksymalną ilość many",
    "esMX": "Agrega maná máximo",
    "jaJP": "マナ最大値が上昇",
    "ptBR": "Aumenta o máximo de mana",
    "ruRU": "Увеличивает максимальный запас маны",
    "zhCN": "增加最大法力"
  },
  {
    "id": 21269,
    "Key": "GemeffectX22",
    "enUS": "Adds Resistance to Cold",
    "zhTW": "提高冰寒抗性",
    "deDE": "Erhöht Kältewiderstand",
    "esES": "Aumenta la resistencia al frío",
    "frFR": "Augmente la résistance au Foid",
    "itIT": "Aggiunge resistenza al freddo",
    "koKR": "냉기 저항 증가",
    "plPL": "Zwiększa odporność na zimno",
    "esMX": "Agrega resistencia al frío",
    "jaJP": "冷気耐性が上昇",
    "ptBR": "Adiciona resistência a gelo",
    "ruRU": "Повышает сопротивление льду",
    "zhCN": "增加冰霜抗性"
  },
  {
    "id": 21270,
    "Key": "GemeffectX23",
    "enUS": "Adds Cold Damage to Attack",
    "zhTW": "攻擊附加冰寒傷害",
    "deDE": "Fügt Angriffen Kälteschaden hinzu",
    "esES": "Añade daño de frío al ataque",
    "frFR": "Ajoute des dégâts de Froid",
    "itIT": "Aggiunge danni da freddo",
    "koKR": "공격에 냉기 피해 추가",
    "plPL": "Dodaje obrażenia od zimna",
    "esMX": "Agrega daño de frío al ataque",
    "jaJP": "攻撃に冷気ダメージを追加",
    "ptBR": "Adiciona dano gélido ao ataque",
    "ruRU": "Добавляет урон от льда при атаках",
    "zhCN": "增加攻击时的冰霜伤害"
  },
  {
    "id": 21271,
    "Key": "GemeffectX31",
    "enUS": "Adds to Dexterity",
    "zhTW": "提高敏捷",
    "deDE": "Erhöht Geschicklichkeit",
    "esES": "Aumenta la destreza",
    "frFR": "Augmente la dextérité",
    "itIT": "Aggiunge Destrezza",
    "koKR": "민첩 증가",
    "plPL": "Zwiększa zręczność",
    "esMX": "Agrega destreza",
    "jaJP": "敏捷性が上昇",
    "ptBR": "Aumenta a destreza",
    "ruRU": "Повышает ловкость",
    "zhCN": "增加敏捷"
  },
  {
    "id": 21272,
    "Key": "GemeffectX32",
    "enUS": "Adds Resistance to Poison",
    "zhTW": "提高毒素抗性",
    "deDE": "Erhöht Giftwiderstand",
    "esES": "Aumenta la resistencia al veneno",
    "frFR": "Augmente la résistance au Poison",
    "itIT": "Aggiunge resistenza al veleno",
    "koKR": "독 저항 증가",
    "plPL": "Zwiększa odporność na trucizny",
    "esMX": "Agrega resistencia al veneno",
    "jaJP": "毒物耐性が上昇",
    "ptBR": "Adiciona resistência a veneno",
    "ruRU": "Повышает сопротивление яду",
    "zhCN": "增加毒素抗性"
  },
  {
    "id": 21273,
    "Key": "GemeffectX33",
    "enUS": "Adds Poison Damage to Attack",
    "zhTW": "攻擊附加毒素傷害",
    "deDE": "Fügt Angriffen Giftschaden hinzu",
    "esES": "Añade daño de veneno al ataque",
    "frFR": "Ajoute des dégâts de Poison",
    "itIT": "Aggiunge danni da veleno",
    "koKR": "공격에 독 피해 추가",
    "plPL": "Dodaje obrażenia od trucizny",
    "esMX": "Agrega daño de veneno al ataque",
    "jaJP": "攻撃に毒ダメージを追加",
    "ptBR": "Adiciona dano venenoso ao ataque",
    "ruRU": "Добавляет урон от яда при атаках",
    "zhCN": "增加攻击时的毒素伤害"
  },
  {
    "id": 21274,
    "Key": "GemeffectX41",
    "enUS": "Adds to Maximum Life",
    "zhTW": "提高生命上限",
    "deDE": "Erhöht maximales Leben",
    "esES": "Aumenta la vida máxima",
    "frFR": "Augmente la vie max.",
    "itIT": "Aggiunge vita massima",
    "koKR": "최대 생명력 증가",
    "plPL": "Zwiększa maksymalną ilość zdrowia",
    "esMX": "Agrega vida máxima",
    "jaJP": "ライフ最大値が上昇",
    "ptBR": "Aumenta o máximo de pontos de vida",
    "ruRU": "Увеличивает максимальный запас здоровья",
    "zhCN": "增加最大生命"
  },
  {
    "id": 21275,
    "Key": "GemeffectX42",
    "enUS": "Adds Resistance to Fire",
    "zhTW": "提高火焰抗性",
    "deDE": "Erhöht Feuerwiderstand",
    "esES": "Aumenta la resistencia al fuego",
    "frFR": "Augmente la résistance au Feu",
    "itIT": "Aggiunge resistenza al fuoco",
    "koKR": "화염 저항 증가",
    "plPL": "Zwiększa odporność na ogień",
    "esMX": "Agrega resistencia al fuego",
    "jaJP": "火炎耐性が上昇",
    "ptBR": "Adiciona resistência a fogo",
    "ruRU": "Повышает сопротивление огню",
    "zhCN": "增加火焰抗性"
  },
  {
    "id": 21276,
    "Key": "GemeffectX43",
    "enUS": "Adds Fire Damage to Attack",
    "zhTW": "攻擊附加火焰傷害",
    "deDE": "Fügt Angriffen Feuerschaden hinzu",
    "esES": "Añade daño de fuego al ataque",
    "frFR": "Ajoute des dégâts de Feu",
    "itIT": "Aggiunge danni da fuoco",
    "koKR": "공격에 화염 피해 추가",
    "plPL": "Dodaje obrażenia od ognia",
    "esMX": "Agrega daño de fuego al ataque",
    "jaJP": "攻撃に火炎ダメージを追加",
    "ptBR": "Adiciona dano ígneo ao ataque",
    "ruRU": "Добавляет урон от огня при атаках",
    "zhCN": "增加攻击时的火焰伤害"
  },
  {
    "id": 21277,
    "Key": "GemeffectX51",
    "enUS": "Adds to Attack Rating",
    "zhTW": "提高準確率",
    "deDE": "Erhöht Angriffswert",
    "esES": "Aumenta el índice de ataque",
    "frFR": "Augmente le score d’attaque",
    "itIT": "Aggiunge indice d'attacco",
    "koKR": "명중률 증가",
    "plPL": "Zwiększa skuteczność ataku",
    "esMX": "Agrega índice de ataque",
    "jaJP": "命中率が上昇",
    "ptBR": "Aumenta a taxa de ataque",
    "ruRU": "Повышает рейтинг атаки",
    "zhCN": "增加命中值"
  },
  {
    "id": 21278,
    "Key": "GemeffectX52",
    "enUS": "Adds to All Resistances",
    "zhTW": "提高所有抗性",
    "deDE": "Erhöht alle Widerstände",
    "esES": "Aumenta todas las resistencias",
    "frFR": "Augmente toutes les résistances",
    "itIT": "Aggiunge tutte le resistenze",
    "koKR": "모든 저항 증가",
    "plPL": "Zwiększa wszystkie odporności",
    "esMX": "Agrega todas las resistencias",
    "jaJP": "全属性耐性が上昇",
    "ptBR": "Aumenta todas as resistências",
    "ruRU": "Повышает все виды сопротивления",
    "zhCN": "增加所有抗性"
  },
  {
    "id": 21279,
    "Key": "GemeffectX53",
    "enUS": "Adds to Damage vs. Undead",
    "zhTW": "提高對不死怪物的傷害",
    "deDE": "Erhöht Schaden gegen Untote",
    "esES": "Aumenta el daño contra muertos vivientes",
    "frFR": "Augmente les dégâts infligés aux Morts-vivants",
    "itIT": "Aggiunge danni contro i non morti",
    "koKR": "언데드에게 주는 피해 추가",
    "plPL": "Zwiększa obrażenia zadane nieumarłym",
    "esMX": "Agrega daño contra los no muertos",
    "jaJP": "アンデッドへのダメージが増加",
    "ptBR": "Aumenta o dano contra mortos-vivos",
    "ruRU": "Повышает урон против нежити",
    "zhCN": "增加对亡灵的伤害"
  },
  {
    "id": 21280,
    "Key": "GemeffectX61",
    "enUS": "Adds to Chance to Find Magic Items",
    "zhTW": "提高魔法物品尋獲機率",
    "deDE": "Erhöht Chance, magische Gegenstände zu finden",
    "esES": "Aumenta la probabilidad de encontrar objetos mágicos",
    "frFR": "Augmente les chances de trouver des objets magiques",
    "itIT": "Aggiunge probabilità di trovare oggetti magici",
    "koKR": "마법 아이템 획득 확률 증가",
    "plPL": "Zwiększa szansę znalezienia magicznych przedmiotów",
    "esMX": "Agrega probabilidad de encontrar objetos mágicos",
    "jaJP": "マジックアイテムのドロップ率が上昇",
    "ptBR": "Aumenta a chance de encontrar itens mágicos",
    "ruRU": "Повышает вероятность найти магические предметы",
    "zhCN": "增加找到魔法物品几率"
  },
  {
    "id": 21281,
    "Key": "GemeffectX62",
    "enUS": "Adds Resistance to Lightning",
    "zhTW": "提高電擊抗性",
    "deDE": "Erhöht Blitzwiderstand",
    "esES": "Aumenta la resistencia a los rayos",
    "frFR": "Augmente la résistance à la Foudre",
    "itIT": "Aggiunge resistenza al fulmine",
    "koKR": "번개 저항 증가",
    "plPL": "Zwiększa odporność na błyskawice",
    "esMX": "Agrega resistencia al rayo",
    "jaJP": "電撃耐性が上昇",
    "ptBR": "Adiciona resistência elétrica",
    "ruRU": "Повышает сопротивление молнии",
    "zhCN": "增加闪电抗性"
  },
  {
    "id": 21282,
    "Key": "GemeffectX63",
    "enUS": "Adds Lightning Damage to Attack",
    "zhTW": "攻擊附加電擊傷害",
    "deDE": "Fügt Angriffen Blitzschaden hinzu",
    "esES": "Añade daño de rayos al ataque",
    "frFR": "Ajoute des dégâts de Foudre",
    "itIT": "Aggiunge danni da fulmine",
    "koKR": "공격에 번개 피해 추가",
    "plPL": "Dodaje obrażenia od błyskawic",
    "esMX": "Agrega daño de rayo al ataque",
    "jaJP": "攻撃に電撃ダメージを追加",
    "ptBR": "Adiciona dano elétrico ao ataque",
    "ruRU": "Добавляет урон от молнии при атаках",
    "zhCN": "增加攻击时的闪电伤害"
  },
  {
    "id": 21283,
    "Key": "GemeffectX71",
    "enUS": "Adds Mana and Life Regeneration",
    "zhTW": "提高法力和生命恢復率",
    "deDE": "Erhöht Mana- und Lebensregeneration",
    "esES": "Añade regeneración de vida y maná",
    "frFR": "Accroit la régénération de mana et de vie",
    "itIT": "Aggiunge rigenerazione di mana e vita",
    "koKR": "마나 및 생명력 재생 속도 증가",
    "plPL": "Zwiększa regenerację zdrowia i many",
    "esMX": "Agrega regeneración de vida y maná",
    "jaJP": "ライフとマナの回復速度が上昇",
    "ptBR": "Adiciona regeneração de pontos de vida e mana",
    "ruRU": "Повышает скорость восполнения маны и здоровья",
    "zhCN": "增加法力和生命回复"
  },
  {
    "id": 21284,
    "Key": "GemeffectX72",
    "enUS": "Adds Attacker Takes Damage",
    "zhTW": "提高攻擊者反傷",
    "deDE": "Angreifer erleiden Schaden",
    "esES": "Añade daño a los atacantes",
    "frFR": "Ajoute des dégâts subis par l’attaquant",
    "itIT": "Aggiunge danni subiti dagli attaccanti",
    "koKR": "공격자에게 주는 피해 추가",
    "plPL": "Sprawia, że atakujący otrzymuje obrażenia",
    "esMX": "Agrega que el atacante recibe daño",
    "jaJP": "反撃ダメージを追加",
    "ptBR": "Adiciona recebimento de dano pelo agressor",
    "ruRU": "Наносит урон атакующим противникам",
    "zhCN": "增加攻击者受到的伤害"
  },
  {
    "id": 21285,
    "Key": "GemeffectX73",
    "enUS": "Adds Mana and Life Steal to Attack",
    "zhTW": "攻擊附加法力和生命竊取",
    "deDE": "Fügt Angriff Mana- und Lebensraub hinzu",
    "esES": "Añade robo de vida y maná al ataque",
    "frFR": "Ajoute vol de mana et de vie aux dégâts",
    "itIT": "Aggiunge furto di mana e vita",
    "koKR": "공격에 마나 및 생명력 훔치기 추가",
    "plPL": "Zapewnia kradzież many i zdrowia",
    "esMX": "Agrega robo de vida y maná al ataque",
    "jaJP": "攻撃時にライフとマナを奪う効果を追加",
    "ptBR": "Adiciona roubo de pontos de vida e mana ao ataque",
    "ruRU": "Позволяет похищать ману и здоровье при атаках",
    "zhCN": "增加攻击时偷取的法力和生命"
  }
]
