{
  "dependencies": {
    "particles": [],
    "models": [{ "path": "data/hd/objects/chests/special_chest_100/model/torso.model" }],
    "skeletons": [{ "path": "data/hd/objects/chests/special_chest_100/skeleton/special_chest_100.skeleton" }],
    "animations": [],
    "textures": [
      { "path": "data/hd/objects/chests/special_chest_100/texture/special_chest_100_alb.texture" },
      { "path": "data/hd/objects/chests/special_chest_100/texture/special_chest_100_nrm.texture" },
      { "path": "data/hd/objects/chests/special_chest_100/texture/special_chest_100_orm.texture" }
    ],
    "physics": [],
    "json": [{ "path": "data/hd/objects/chests/special_chest_100/special_chest_100_state_machine.json" }],
    "variantdata": [],
    "objecteffects": [],
    "other": []
  },
  "type": "UnitDefinition",
  "name": "special_chest_100",
  "entities": [
    {
      "type": "Entity",
      "name": "entity_root",
      "id": 253104472,
      "components": [
        {
          "type": "UnitRootComponent",
          "name": "component_root",
          "state_machine_filename": "data/hd/objects/chests/special_chest_100/special_chest_100_state_machine.json",
          "doNotInheritRotation": false,
          "rotationOverride": { "x": 0.0, "y": 0.3826834, "z": 0.0, "w": 0.9238795 },
          "doNotUseHDHeight": false,
          "hideAllMeshWhenInOpenedMode": false,
          "onCreateEventName": "",
          "animations": []
        },
        {
          "type": "SkeletonDefinitionComponent",
          "name": "component_skeleton",
          "filename": "data/hd/objects/chests/special_chest_100/skeleton/special_chest_100.skeleton"
        }
      ]
    },
    {
      "type": "Entity",
      "name": "entity_torso",
      "id": 802325476,
      "components": [
        { "type": "UnitPartComponent", "name": "component_part_torso", "part": "torso", "variant": "lit" },
        {
          "type": "ModelDefinitionComponent",
          "name": "component_model_torso",
          "filename": "data/hd/objects/chests/special_chest_100/model/torso.model",
          "visibleLayers": 1,
          "lightMask": 19,
          "shadowMask": 3,
          "ghostShadows": false,
          "floorModel": false,
          "terrainBlendEnableYUpBlend": false,
          "terrainBlendMode": 1
        }
      ]
    },
    {
      "type": "Entity",
      "name": "pf_beacon_chest",
      "id": 586091854,
      "components": [
        {
          "type": "TransformDefinitionComponent",
          "name": "prefab_TransformDefinitionComponent",
          "position": { "x": 0.0, "y": -20.0, "z": 0.0 },
          "orientation": { "x": 0.0, "y": 0.0, "z": 0.0, "w": 1.0 },
          "scale": { "x": 1.0, "y": 65.0, "z": 1.0 },
          "inheritOnlyPosition": false
        },
        {
          "type": "PrefabPlacementDefinitionComponent",
          "name": "prefab_PrefabPlacementDefinitionComponent",
          "prefab": "data/hd/env/porory/beacon/pf_beacon_chest.json"
        }
      ]
    }
  ]
}
